[{
  "_id": {
    "$oid": "64ab34026b5baa985b47ab6d"
  },
  "usernameClient": "sasa",
  "usernameAgency": "renoviranjestanova",
  "status": "aktivan",
  "roomsFinished": "20,120,200,100",
  "roomsWorking": "",
  "dateFrom": "2023-07-20",
  "dateTo": "2023-10-20",
  "idobj": "64ab2e876b5baa985b47ab45",
  "__v": 0,
  "numOfWorkers": "2"
},{
  "_id": {
    "$oid": "64abb2b2e756d7ca32d322b9"
  },
  "usernameClient": "maja",
  "usernameAgency": "redom",
  "status": "aktivan",
  "roomsFinished": "",
  "roomsWorking": "20,120,200,100",
  "dateFrom": "2023-07-20",
  "dateTo": "2023-10-20",
  "idobj": "64aa8496e756d7ca32d32276",
  "__v": 0,
  "numOfWorkers": "1"
},{
  "_id": {
    "$oid": "64abb433e756d7ca32d322cc"
  },
  "usernameClient": "sasa",
  "usernameAgency": "redom",
  "status": "zahtev",
  "roomsFinished": "",
  "roomsWorking": "",
  "dateFrom": "2023-10-20",
  "dateTo": "2023-12-20",
  "idobj": "64a4466be756d7ca32d321f0",
  "__v": 0,
  "numOfWorkers": "0"
},{
  "_id": {
    "$oid": "64abb5dbe756d7ca32d322d6"
  },
  "usernameClient": "sasa",
  "usernameAgency": "redom",
  "status": "odbijen",
  "roomsFinished": "",
  "roomsWorking": "",
  "dateFrom": "2023-10-20",
  "dateTo": "2023-12-20",
  "idobj": "64a44b45e756d7ca32d321f4",
  "__v": 0,
  "numOfWorkers": "0"
},{
  "_id": {
    "$oid": "64abb6b1e756d7ca32d322dd"
  },
  "usernameClient": "maja",
  "usernameAgency": "redom",
  "status": "zahtev",
  "roomsFinished": "",
  "roomsWorking": "",
  "dateFrom": "2023-07-20",
  "dateTo": "2023-10-20",
  "idobj": "64a495c352bac7a171653718",
  "__v": 0,
  "numOfWorkers": "0"
}]