[{
  "_id": {
    "$oid": "64a4466be756d7ca32d321f0"
  },
  "username": "sasa",
  "city": "Beograd",
  "country": "Srbija",
  "num": "3",
  "space": "54",
  "street": "Pere Lazica 27/1",
  "type": "stan",
  "doors": "140,180,140,80,40,80",
  "walls": "20,20,120,100,140,70,100,50,20,120,200,100"
},{
  "_id": {
    "$oid": "64a44b45e756d7ca32d321f4"
  },
  "username": "sasa",
  "city": "Beograd",
  "country": "Srbija",
  "num": "2",
  "space": "34",
  "street": "Pere Lazica 27/2",
  "type": "stan",
  "doors": "140,180,140,80",
  "walls": "140,70,100,50,20,120,200,100"
},{
  "_id": {
    "$oid": "64a495c352bac7a171653718"
  },
  "username": "maja",
  "type": "stan",
  "country": "Srbija",
  "city": "Novi Sad",
  "street": "Kralja Petra 7/3",
  "num": 3,
  "space": 54,
  "walls": "20,20,120,100,140,70,100,50,20,120,200,100",
  "doors": "140,180,140,80,40,80",
  "__v": 0
},{
  "_id": {
    "$oid": "64aa8496e756d7ca32d32276"
  },
  "username": "maja",
  "city": "bg",
  "country": "Srbija",
  "num": "1",
  "space": "61",
  "street": "Novosadska 11/5",
  "type": "stan",
  "doors": "140,180",
  "walls": "20,120,200,100"
},{
  "_id": {
    "$oid": "64ab2e876b5baa985b47ab45"
  },
  "username": "sasa",
  "type": "kuca",
  "country": "Srbija",
  "city": "Beograd",
  "street": "Dr Nika Miljanica 14/4",
  "num": 2,
  "space": 34,
  "walls": "140,70,100,50,20,120,200,100",
  "doors": "140,180,140,80",
  "__v": 0
}]