[{
  "_id": {
    "$oid": "64a3deafe756d7ca32d321eb"
  },
  "usernameAgency": "ag1",
  "usernameClient": "jaaaa",
  "raiting": "5",
  "comment": "dfgaad fg afd gfad ggadgda  ga gadg df g dg gf agf "
},{
  "_id": {
    "$oid": "64a3df46e756d7ca32d321ec"
  },
  "usernameAgency": "ag11",
  "usernameClient": "jaaaa",
  "raiting": "5",
  "comment": "dfgaad fg afd gfad ggadgda  ga gadg df g dg gf agf "
},{
  "_id": {
    "$oid": "64ab47e633a661a922c93735"
  },
  "usernameAgency": "renoviranjestanova",
  "usernameClient": "sasa",
  "raiting": "5",
  "comment": "To je to!",
  "idobj": "64ab2e876b5baa985b47ab45",
  "__v": 0
},{
  "_id": {
    "$oid": "64abc0dbe756d7ca32d32301"
  },
  "usernameAgency": "renoviranjestanova",
  "usernameClient": "pera",
  "raiting": "4",
  "comment": "Solidno!",
  "idobj": "",
  "__v": 0
}]