[{
  "_id": {
    "$oid": "649f2604e756d7ca32d321d5"
  },
  "username": "sasa",
  "password": "123",
  "tell": "069603083",
  "mail": "da@gmail.com",
  "foto": "x",
  "type": 1,
  "status": 1,
  "about": "",
  "agencyname": "",
  "city": "",
  "country": "",
  "mb": 0,
  "street": "",
  "firstname": "Aca",
  "lastname": "Acic"
},{
  "_id": {
    "$oid": "64ab1711e756d7ca32d32282"
  },
  "username": "adaptacijastanova",
  "password": "123",
  "tell": "064111083",
  "mail": "as@gmail.com",
  "foto": "assets/ag1.png",
  "type": 2,
  "status": 1,
  "about": "Adaptacija stanova Beograd ima za cilj da svaki prostor adaptira i renovira tako da klijentu omogućimo potpun ugođaj u sopstvenom funkcionalnijem prostoru.\nUspešno poslovanje naše firme činite upravo vi, stoga budite slobodni da nam ukažete vaše poverenje, a mi ćemo vam odgovoriti u najkraćem mogućem roku i omogućiti garanciju na kvalitet izvedenih radova.",
  "agencyname": " Adaptacija stanova",
  "city": "Novi Sad",
  "country": "Srbija",
  "mb": 12345678,
  "street": "Laze Kostica 11/2",
  "firstname": "",
  "lastname": ""
},{
  "_id": {
    "$oid": "64ab1779e756d7ca32d32283"
  },
  "username": "redom",
  "password": "123",
  "tell": "061603013",
  "mail": "redom@gmail.com",
  "foto": "assets/ag2.png",
  "type": 2,
  "status": 1,
  "about": "Kompanija „REDOM“  Vam nudi  kompletnu uslugu  renoviranja i adaptacije enterijera i eksterijera, od planiranja do izvođenja radova  kako parcijalno tako i po principu ključ u ruke. Poštujemo želje i potrebe naših klijenata, i smatramo da je zadovoljan klijent najbolji vid reklame. Svakom poslu pristupamo profesionalno i sa puno pažnje, a posebno se osvrćemo na detalje. Nalazimo se u Beogradu i poslujemo na teritoriji grada i okoline. Za sve informacije vam stojimo na raspolaganju, kontaktirajte nas.",
  "agencyname": " Redom",
  "city": "Novi Sad",
  "country": "Srbija",
  "mb": 12345678,
  "street": "Cara Dusana 13/9",
  "firstname": "",
  "lastname": ""
},{
  "_id": {
    "$oid": "64ab184de756d7ca32d32284"
  },
  "username": "inovator",
  "password": "123",
  "tell": "062634313",
  "mail": "inovator@gmail.com",
  "foto": "assets/ag3.png",
  "type": 2,
  "status": 1,
  "about": "Firma Inovator je osnovana 01.02.2006 godine u Krusevcu i od tada zahvaljujući kvalitetu i upornom angažovanju stručnjaka u svim oblastima adaptacija i renoviranja poslovnih, stambenih prostora postiže izuzetne rezultate o kome govori sekcija reference gde je samo mali broj veoma velikih firmi sa kojima sarađujemo i pružamo kompletne usluge u našim oblastima.",
  "agencyname": " Inovator",
  "city": "Krusevac",
  "country": "Srbija",
  "mb": 12345678,
  "street": "Beogradska 43/2",
  "firstname": "",
  "lastname": ""
},{
  "_id": {
    "$oid": "64ab18a5e756d7ca32d32285"
  },
  "username": "jug",
  "password": "123",
  "tell": "069643213",
  "mail": "jug@gmail.com",
  "foto": "assets/ag4.png",
  "type": 2,
  "status": 1,
  "about": "Opremanje enterijera, kao i adaptacija i renoviranje stanova i poslovnog prostora, su oblast građevinske industrije koja se neprekidno razvija. Savremeni tokovi diktiraju sam stil i izgled finalnog proizvoda, odnosno kompletnog enterijera, a mi u kompaniji Jug pratimo najnovije trendove i činimo sve da  izađemo u susret željama klijenata poštujući standarde kvaliteta. Bilo da se radi o adaptaciji stana, kuće ili poslovnog prostora, tu smo da zajedno sa vama pronađemo najbolje rešenje koje će vas zadovoljiti.",
  "agencyname": " Jug",
  "city": "Nis",
  "country": "Srbija",
  "mb": 12345678,
  "street": "Kralja Petra 21/7",
  "firstname": "",
  "lastname": ""
},{
  "_id": {
    "$oid": "64ab1938e756d7ca32d32286"
  },
  "username": "groupbanjica",
  "password": "123",
  "tell": "063643213",
  "mail": "groupbanjica@gmail.com",
  "foto": "assets/ag5.png",
  "type": 2,
  "status": 1,
  "about": "Ukoliko Vam je potrebna kompletna adaptacija Vašeg stambenog ili poslovnog prostora pozovite nas - Adaptacija stana Beograd.\nZahvaljujući višegodišnjem iskustvu u adaptaciji stanova i kuće, kao i svim molerskim i gipsanim radovima, možemo da Vam garantujemo kvalitetnu uslugu u najkraćem mogućem roku, po najpovoljnijoj ceni u Beogradu.",
  "agencyname": " Group Banjica",
  "city": "Beograd",
  "country": "Srbija",
  "mb": 12345678,
  "street": "Jovana Popovica 78/1",
  "firstname": "",
  "lastname": ""
},{
  "_id": {
    "$oid": "64ab1b16e756d7ca32d32287"
  },
  "username": "renoviranjestanova",
  "password": "123",
  "tell": "067033443",
  "mail": "renoviranjestanova@gmail.com",
  "foto": "assets/ag6.png",
  "type": 2,
  "status": 1,
  "about": "Radove izvodimo na teritoriji Beograda sa okolinom (za veći posao kilometraža nije nikakva prepreka). Za sve vrste radova koje smo naveli možete nas kontaktirati u bilo koje vreme, a mi ćemo Vaše ideje sprovesti u delo.",
  "agencyname": " Renoviranje Stanova",
  "city": "Beograd",
  "country": "Srbija",
  "mb": 12345678,
  "street": "Pozeska 28/5",
  "firstname": "",
  "lastname": ""
},{
  "_id": {
    "$oid": "64ab1c85e756d7ca32d32288"
  },
  "username": "bgadaptacija",
  "password": "123",
  "tell": "063604019",
  "mail": "bgadaptacija@gmail.com",
  "foto": "assets/ag7.png",
  "type": 2,
  "status": 0,
  "about": "BG ADAPTACIJE JE PREDUZEĆE KOJE SE BAVI ADAPTACIJOM I REKONSTRUKCIJOM STAMBENIH OBJEKATA, KUĆA I POSLOVNIH PROSTORA, A POSLUJE USPEŠNO OD 2001. GODINE U SRBIJI.",
  "agencyname": " Renoviranje Stanova",
  "city": "Beograd",
  "country": "Srbija",
  "mb": 12345678,
  "street": "Jasenicka 80/15",
  "firstname": "",
  "lastname": ""
},{
  "_id": {
    "$oid": "64ab485de756d7ca32d32299"
  },
  "username": "admin",
  "password": "123",
  "tell": "069603083",
  "mail": "da@gmail.com",
  "foto": "x",
  "type": 3,
  "status": 1,
  "about": "",
  "agencyname": "",
  "city": "",
  "country": "",
  "mb": 0,
  "street": "",
  "firstname": "Aca",
  "lastname": "Acic"
},{
  "_id": {
    "$oid": "64aba05ae756d7ca32d3229a"
  },
  "username": "maja",
  "password": "123",
  "tell": "069603083",
  "mail": "da@gmail.com",
  "foto": "x",
  "type": 1,
  "status": 1,
  "about": "",
  "agencyname": "",
  "city": "",
  "country": "",
  "mb": 0,
  "street": "",
  "firstname": "Maja",
  "lastname": "Majic"
},{
  "_id": {
    "$oid": "64aba0a1e756d7ca32d3229b"
  },
  "username": "pera",
  "password": "123",
  "tell": "069603083",
  "mail": "da@gmail.com",
  "foto": "x",
  "type": 1,
  "status": 0,
  "about": "",
  "agencyname": "",
  "city": "",
  "country": "",
  "mb": 0,
  "street": "",
  "firstname": "Pera",
  "lastname": "Peric"
},{
  "_id": {
    "$oid": "64aba0d4e756d7ca32d3229c"
  },
  "username": "ana",
  "password": "123",
  "tell": "069603083",
  "mail": "da@gmail.com",
  "foto": "x",
  "type": 1,
  "status": 4,
  "about": "",
  "agencyname": "",
  "city": "",
  "country": "",
  "mb": 0,
  "street": "",
  "firstname": "Ana",
  "lastname": "Anic"
}]