[{
  "_id": {
    "$oid": "64a81da3e756d7ca32d32245"
  },
  "firstname": "Radnik1",
  "lastname": "Radnik",
  "mail": "ab@gmail.com",
  "tell": "123456789",
  "idobj": "64ab2e876b5baa985b47ab45",
  "usernameAgency": "renoviranjestanova"
},{
  "_id": {
    "$oid": "64a822b8e756d7ca32d32248"
  },
  "firstname": "Radnik2",
  "lastname": "Radnik",
  "mail": "ab@gmail.com",
  "tell": "",
  "idobj": "64ab2e876b5baa985b47ab45",
  "usernameAgency": "renoviranjestanova"
},{
  "_id": {
    "$oid": "64a853afe756d7ca32d3224e"
  },
  "firstname": "Radnik3",
  "lastname": "Radnik",
  "mail": "ab@gmail.com",
  "tell": "123456789",
  "idobj": "x",
  "usernameAgency": "renoviranjestanova"
},{
  "_id": {
    "$oid": "64a853b8e756d7ca32d3224f"
  },
  "firstname": "RAdnik4",
  "lastname": "Radnik",
  "mail": "ab@gmail.com",
  "tell": "123456789",
  "idobj": "x",
  "usernameAgency": "renoviranjestanova"
},{
  "_id": {
    "$oid": "64a853bbe756d7ca32d32250"
  },
  "firstname": "Radnik5",
  "lastname": "Radnik",
  "mail": "ab@gmail.com",
  "tell": "123456789",
  "idobj": "64a495c352bac7a171653718",
  "usernameAgency": "redom"
},{
  "_id": {
    "$oid": "64a8545ee756d7ca32d32251"
  },
  "firstname": "RAdnik6",
  "lastname": "Radnik",
  "mail": "ab@gmail.com",
  "tell": "123456789",
  "idobj": "64aa8496e756d7ca32d32276",
  "usernameAgency": "redom"
},{
  "_id": {
    "$oid": "64a863bae756d7ca32d3225a"
  },
  "firstname": "Radnik7",
  "lastname": "Radnik",
  "mail": "ab@gmail.com",
  "tell": "123456789",
  "idobj": "64aa8496e756d7ca32d32276",
  "usernameAgency": "redom"
},{
  "_id": {
    "$oid": "64a863d7e756d7ca32d3225b"
  },
  "firstname": "Radnik8",
  "lastname": "Radnik",
  "mail": "ab@gmail.com",
  "tell": "123456789",
  "idobj": "x",
  "usernameAgency": "redom"
},{
  "_id": {
    "$oid": "64abb112e756d7ca32d322ac"
  },
  "firstname": "Radnik9",
  "lastname": "Radnik",
  "mail": "ab@gmail.com",
  "tell": "123456789",
  "idobj": "x",
  "usernameAgency": "redom"
}]